-7196;-7269;-1
-7269;-7196;1
8383;8480;1
8480;8383;-1
9232;9230;-1
9230;9232;1
8654;8654;0
-9365;-9358;1
-9358;-9365;-1
-7107;-8386;-1
-8386;-7107;1
-4254;-4254;0
-652;-247;1
-247;-652;-1
-1656;-1657;-1
-1657;-1656;1
-246;-314;-1
-314;-246;1
7712;7712;0
-5126;-5127;-1
-5127;-5126;1
8073;9580;1
9580;8073;-1
-5936;-5936;0
-4619;-4615;1
-4615;-4619;-1
-2977;-2978;-1
-2978;-2977;1
4321;3850;-1
3850;4321;1
8784;8784;0
2047;2048;1
2048;2047;-1
-2788;-2782;1
-2782;-2788;-1
-3291;-3291;0
4612;4641;1
4641;4612;-1
-6619;9379;1
9379;-6619;-1
5818;4539;-1
4539;5818;1
5909;5909;0
-9303;-9306;-1
-9306;-9303;1
-7736;-7735;1
-7735;-7736;-1
-7597;-7597;0
7257;7265;1
7265;7257;-1
7674;7203;-1
7203;7674;1
-6283;-6322;-1
-6322;-6283;1
-1881;-1881;0
132;131;-1
131;132;1
6326;6409;1
6409;6326;-1
-1938;-1938;0
5272;1724;-1
1724;5272;1
5695;6944;1
6944;5695;-1
-6788;-6789;-1
-6789;-6788;1
7588;7588;0
-5009;-6607;-1
-6607;-5009;1
-9369;-9404;-1
-9404;-9369;1
9117;9117;0
-6292;-6291;1
-6291;-6292;-1
1449;182;-1
182;1449;1
1893;1895;1
1895;1893;-1
-911;-911;0
-5620;-5629;-1
-5629;-5620;1
-4530;-4531;-1
-4531;-4530;1
-4423;-4423;0
-7195;-7194;1
-7194;-7195;-1
5989;5988;-1
5988;5989;1
3193;3186;-1
3186;3193;1
-3148;-3148;0
6339;6338;-1
6338;6339;1
8551;8482;-1
8482;8551;1
-9497;-9497;0
9343;9335;-1
9335;9343;1
-4550;-4542;1
-4542;-4550;-1
7997;7901;-1
7901;7997;1
-9221;-9221;0
-11;-10;1
-10;-11;-1
2978;2979;1
2979;2978;-1
-1046;-1046;0
1663;998;-1
998;1663;1
0;10000;1
10000;0;-1
5416;5414;-1
5414;5416;1
7520;7520;0
5168;-3280;-1
-3280;5168;1
4239;4229;-1
4229;4239;1
6420;6420;0
-8814;-8094;1
-8094;-8814;-1
-6546;-6610;-1
-6610;-6546;1
-3462;-3447;1
-3447;-3462;-1
-9032;-9032;0
-8128;-8127;1
-8127;-8128;-1
-9827;-8425;1
-8425;-9827;-1
-4772;-4772;0
-9281;-9282;-1
-9282;-9281;1
3542;5288;1
5288;3542;-1
-5258;-5344;-1
-5344;-5258;1
1868;1868;0
-9811;-9715;1
-9715;-9811;-1
-2428;-2438;-1
-2438;-2428;1
5287;5287;0
2168;2167;-1
2167;2168;1
5966;5957;-1
5957;5966;1
-2218;-2219;-1
-2219;-2218;1
-8583;-8583;0
6873;7836;1
7836;6873;-1
5785;5784;-1
5784;5785;1
-920;-920;0
1512;1446;-1
1446;1512;1
7517;7579;1
7579;7517;-1
2768;2777;1
2777;2768;-1
-3139;-3139;0
-5000;5000;1
5000;-5000;-1
-2615;-2616;-1
-2616;-2615;1
3744;3744;0
-5973;-5635;1
-5635;-5973;-1
4604;1363;-1
1363;4604;1
5811;5809;-1
5809;5811;1
994;994;0
4451;4393;-1
4393;4451;1
-8793;-8799;-1
-8799;-8793;1
-2919;-2919;0
3526;3536;1
3536;3526;-1
8248;8315;1
8315;8248;-1
3946;3947;1
3947;3946;-1
-8736;-8736;0
4658;4651;-1
4651;4658;1
6081;7535;1
7535;6081;-1
2254;2254;0
5002;5003;1
5003;5002;-1
1651;1587;-1
1587;1651;1
4713;3914;-1
3914;4713;1
396;396;0
-4533;-4536;-1
-4536;-4533;1
3523;-7929;-1
-7929;3523;1
-8634;-8634;0
5550;5549;-1
5549;5550;1
-9419;-9420;-1
-9420;-9419;1
-8553;-8556;-1
-8556;-8553;1
-4686;-4686;0
8694;8693;-1
8693;8694;1
3884;3883;-1
3883;3884;1
-9858;-9858;0
-3242;-3243;-1
-3243;-3242;1
0;1;1
1;0;-1
6737;6736;-1
6736;6737;1
2512;2512;0
-2648;-2637;1
-2637;-2648;-1
-4766;-4772;-1
-4772;-4766;1
-7219;-7219;0
-1701;-1740;-1
-1740;-1701;1
9677;-7022;-1
-7022;9677;1
7940;9663;1
9663;7940;-1
4879;4879;0
-5804;-5897;-1
-5897;-5804;1
-4897;-4900;-1
-4900;-4897;1
-6434;-6434;0
8348;8353;1
8353;8348;-1
2404;1587;-1
1587;2404;1
6658;6667;1
6667;6658;-1
6025;6025;0
6358;6357;-1
6357;6358;1
1296;1220;-1
1220;1296;1
1728;1728;0
-2269;-2272;-1
-2272;-2269;1
-9999;-10000;-1
-10000;-9999;1
-6922;-6911;1
-6911;-6922;-1
-7245;-7245;0
-4776;6067;1
6067;-4776;-1
-8983;7655;1
7655;-8983;-1
-8364;-8364;0
-3999;-4000;-1
-4000;-3999;1
-401;-2321;-1
-2321;-401;1
6360;6356;-1
6356;6360;1
-9463;-9463;0
-8014;-8114;-1
-8114;-8014;1
-5604;-5598;1
-5598;-5604;-1
-5892;-5892;0
-5554;-5555;-1
-5555;-5554;1
5897;5898;1
5898;5897;-1
-6342;-6345;-1
-6345;-6342;1
6092;6092;0
-7852;-7850;1
-7850;-7852;-1
8942;8947;1
8947;8942;-1
-8201;-8201;0
-5686;-5689;-1
-5689;-5686;1
1717;-4420;-1
-4420;1717;1
-8149;-9255;-1
-9255;-8149;1
4648;4648;0
-3293;-3376;-1
-3376;-3293;1
436;428;-1
428;436;1
-1334;-1334;0
-3323;-3386;-1
-3386;-3323;1
5953;5952;-1
5952;5953;1
-4942;7039;1
7039;-4942;-1
-4428;-4428;0
-4641;-4639;1
-4639;-4641;-1
-6056;-6054;1
-6054;-6056;-1
8201;8201;0
1019;1020;1
1020;1019;-1
5715;5245;-1
5245;5715;1
-8966;-7473;1
-7473;-8966;-1
3720;3720;0
-2160;-2175;-1
-2175;-2160;1
3086;3093;1
3093;3086;-1
5964;5964;0
-101;-96;1
-96;-101;-1
3628;2573;-1
2573;3628;1
6619;7115;1
7115;6619;-1
-7075;-7075;0
5405;6242;1
6242;5405;-1
-1796;-1790;1
-1790;-1796;-1
7785;7785;0
1863;1864;1
1864;1863;-1
7817;7816;-1
7816;7817;1
5652;5653;1
5653;5652;-1
-1053;-1053;0
9937;9933;-1
9933;9937;1
-1567;-1177;1
-1177;-1567;-1
-7695;-7695;0
9100;9027;-1
9027;9100;1
-440;-406;1
-406;-440;-1
-134;-135;-1
-135;-134;1
-5000;-5000;0
637;721;1
721;637;-1
-267;-202;1
-202;-267;-1
2279;2279;0
-8402;-2101;1
-2101;-8402;-1
4398;-9499;-1
-9499;4398;1
6121;6058;-1
6058;6121;1
-8219;-8219;0
-4316;-4312;1
-4312;-4316;-1
1503;1508;1
1508;1503;-1
-1012;-1012;0
2917;2867;-1
2867;2917;1
-7276;-5519;1
-5519;-7276;-1
-8743;-8742;1
-8742;-8743;-1
-6652;-6652;0
-5150;-5148;1
-5148;-5150;-1
6465;-8871;-1
-8871;6465;1
-7292;-7292;0
-3341;-9446;-1
-9446;-3341;1
-9866;9779;1
9779;-9866;-1
-9520;-9521;-1
-9521;-9520;1
-8442;-8442;0
7939;6781;-1
6781;7939;1
-9741;-8028;1
-8028;-9741;-1
-3125;-3125;0
7881;7883;1
7883;7881;-1
148;98;-1
98;148;1
-7397;-7407;-1
-7407;-7397;1
-1766;-1766;0
7265;7272;1
7272;7265;-1
-10000;-9900;1
-9900;-10000;-1
-9901;-9901;0
-7252;-7244;1
-7244;-7252;-1
7380;-4009;-1
-4009;7380;1
8064;8647;1
8647;8064;-1
-5825;-5825;0
8376;8380;1
8380;8376;-1
-9524;-5935;1
-5935;-9524;-1
7263;7263;0
6767;-433;-1
-433;6767;1
-5521;-5520;1
-5520;-5521;-1
3161;3162;1
3162;3161;-1
-9169;-9169;0
9902;9901;-1
9901;9902;1
8404;8406;1
8406;8404;-1
2151;2151;0
-9313;5060;1
5060;-9313;-1
22;-35;-1
-35;22;1
3307;3239;-1
3239;3307;1
844;844;0
4730;4704;-1
4704;4730;1
1335;1334;-1
1334;1335;1
-8230;-8230;0
1994;1997;1
1997;1994;-1
6457;6458;1
6458;6457;-1
2283;2284;1
2284;2283;-1
7410;7410;0
1865;1866;1
1866;1865;-1
2257;2258;1
2258;2257;-1
7147;7147;0
6688;7055;1
7055;6688;-1
2011;9512;1
9512;2011;-1
-4796;-4742;1
-4742;-4796;-1
-7605;-7605;0
931;930;-1
930;931;1
-8897;-8896;1
-8896;-8897;-1
-9283;-9283;0
3345;3346;1
3346;3345;-1
5752;5762;1
5762;5752;-1
-802;-807;-1
-807;-802;1
-5821;-5821;0
5353;5355;1
5355;5353;-1
-3382;-4943;-1
-4943;-3382;1
-22;-22;0
5673;7348;1
7348;5673;-1
-989;-990;-1
-990;-989;1
6922;6921;-1
6921;6922;1
-2587;-2587;0
-2885;-2830;1
-2830;-2885;-1
-3484;-3483;1
-3483;-3484;-1
8286;8286;0
-7327;-7329;-1
-7329;-7327;1
1152;247;-1
247;1152;1
1951;1941;-1
1941;1951;1
-5782;-5782;0
-1944;-1945;-1
-1945;-1944;1
250;246;-1
246;250;1
-839;-839;0
5597;6232;1
6232;5597;-1
8757;8821;1
8821;8757;-1
914;6764;1
6764;914;-1
449;449;0
5686;5676;-1
5676;5686;1
-10000;-9998;1
-9998;-10000;-1
-1353;-1353;0
-7880;-7871;1
-7871;-7880;-1
5883;4775;-1
4775;5883;1
-7070;-7102;-1
-7102;-7070;1
-3072;-3072;0
4886;-703;-1
-703;4886;1
-1097;-4168;-1
-4168;-1097;1
-2;-2;0
6380;6370;-1
6370;6380;1
-2892;-1693;1
-1693;-2892;-1
2004;611;-1
611;2004;1
3339;3339;0
749;6557;1
6557;749;-1
-7003;-7077;-1
-7077;-7003;1
-5701;-5701;0
-1405;-2363;-1
-2363;-1405;1
-4696;-4695;1
-4695;-4696;-1
7220;-2179;-1
-2179;7220;1
543;543;0
-3870;-3770;1
-3770;-3870;-1
2000;0;-1
0;2000;1
8649;8649;0
-1586;-1585;1
-1585;-1586;-1
7636;7564;-1
7564;7636;1
7800;7887;1
7887;7800;-1
2613;2613;0
100;-100;-1
-100;100;1
-6431;-6426;1
-6426;-6431;-1
5843;5843;0
-3224;-3225;-1
-3225;-3224;1
6544;4633;-1
4633;6544;1
-5048;1294;1
1294;-5048;-1
1336;1336;0
8900;8870;-1
8870;8900;1
2255;2254;-1
2254;2255;1
8439;8439;0
6286;6285;-1
6285;6286;1
5655;387;-1
387;5655;1
8912;8903;-1
8903;8912;1
-7015;-7015;0
-8736;-8831;-1
-8831;-8736;1
-678;-679;-1
-679;-678;1
5665;5665;0
8687;8656;-1
8656;8687;1
-2119;-461;1
-461;-2119;-1
-1323;-1350;-1
-1350;-1323;1
701;701;0
-4657;-4582;1
-4582;-4657;-1
6586;6585;-1
6585;6586;1
2699;2699;0
3004;3037;1
3037;3004;-1
-8795;-7039;1
-7039;-8795;-1
3723;3722;-1
3722;3723;1
-2968;-2968;0
204;203;-1
203;204;1
-2752;-2749;1
-2749;-2752;-1
8589;8589;0
-5853;-5854;-1
-5854;-5853;1
9265;9256;-1
9256;9265;1
-6878;-6786;1
-6786;-6878;-1
-6006;-6006;0
-9641;-9634;1
-9634;-9641;-1
-675;-680;-1
-680;-675;1
-2239;-2239;0
14;13;-1
13;14;1
1369;1283;-1
1283;1369;1
2056;1995;-1
1995;2056;1
-10;-10;0
-3544;-3565;-1
-3565;-3544;1
-6313;-6304;1
-6304;-6313;-1
-9778;-9778;0
-8039;-9578;-1
-9578;-8039;1
-2063;-2062;1
-2062;-2063;-1
5752;5747;-1
5747;5752;1
399;399;0
8041;8042;1
8042;8041;-1
2325;2324;-1
2324;2325;1
-8272;-8272;0
-688;-718;-1
-718;-688;1
4434;4530;1
4530;4434;-1
1558;1551;-1
1551;1558;1
-3640;-3640;0
-3640;-2432;1
-2432;-3640;-1
-9999;10000;1
10000;-9999;-1
283;283;0
-3556;-3554;1
-3554;-3556;-1
-1389;-1379;1
-1379;-1389;-1
-5001;-5000;1
-5000;-5001;-1
1453;1453;0
6533;6532;-1
6532;6533;1
-1814;-1815;-1
-1815;-1814;1
2305;2305;0
5302;5303;1
5303;5302;-1
1540;1541;1
1541;1540;-1
5788;5787;-1
5787;5788;1
9723;9723;0
203;289;1
289;203;-1
7220;7217;-1
7217;7220;1
-5353;-5353;0
6121;6096;-1
6096;6121;1
-9024;-9073;-1
-9073;-9024;1
3832;3792;-1
3792;3832;1
-5709;-5709;0
1877;-445;-1
-445;1877;1
4841;4111;-1
4111;4841;1
1734;1734;0
-1256;-1257;-1
-1257;-1256;1
-7629;-7630;-1
-7630;-7629;1
3065;3066;1
3066;3065;-1
-5301;-5301;0
-1625;-1712;-1
-1712;-1625;1
-1245;-1244;1
-1244;-1245;-1
2584;2584;0
-1533;-1532;1
-1532;-1533;-1
8822;8924;1
8924;8822;-1
-3096;-3093;1
-3093;-3096;-1
9899;9899;0
9545;9544;-1
9544;9545;1
76;1153;1
1153;76;-1
3302;3302;0
6509;4694;-1
4694;6509;1
-3874;-5372;-1
-5372;-3874;1
7869;7739;-1
7739;7869;1
1965;1965;0
-6041;-6040;1
-6040;-6041;-1
-1554;-1610;-1
-1610;-1554;1
2072;2072;0
5287;5298;1
5298;5287;-1
-3583;-3485;1
-3485;-3583;-1
5242;-9566;-1
-9566;5242;1
3185;3185;0
5423;5424;1
5424;5423;-1
4809;4810;1
4810;4809;-1
4597;4597;0
6742;6758;1
6758;6742;-1
7784;7812;1
7812;7784;-1
-7989;-7990;-1
-7990;-7989;1
-3089;-3089;0
369;370;1
370;369;-1
-5947;-5946;1
-5946;-5947;-1
-3533;-3533;0
9717;9721;1
9721;9717;-1
6132;6131;-1
6131;6132;1
5268;6171;1
6171;5268;-1
-431;-431;0
3675;3760;1
3760;3675;-1
-9479;-9215;1
-9215;-9479;-1
-6757;-6757;0
3020;3021;1
3021;3020;-1
-944;-845;1
-845;-944;-1
5066;5056;-1
5056;5066;1
3753;3753;0
-9989;-9988;1
-9988;-9989;-1
9963;9966;1
9966;9963;-1
-661;-661;0
-5282;-5292;-1
-5292;-5282;1
6121;-5010;-1
-5010;6121;1
7808;7816;1
7816;7808;-1
3424;3424;0
7361;7370;1
7370;7361;-1
8000;10000;1
10000;8000;-1
-7728;-7728;0
-8227;1168;1
1168;-8227;-1
-9902;-9901;1
-9901;-9902;-1
7987;7986;-1
7986;7987;1
-6168;-6168;0
-5204;-5205;-1
-5205;-5204;1
-2135;-2060;1
-2060;-2135;-1
-8863;-8863;0
5516;4775;-1
4775;5516;1
7443;7526;1
7526;7443;-1
-711;-720;-1
-720;-711;1
8486;8486;0
7027;7019;-1
7019;7027;1
-7510;-7509;1
-7509;-7510;-1
-751;-751;0
-4325;-4252;1
-4252;-4325;-1
9155;-9604;-1
-9604;9155;1
1247;-298;-1
-298;1247;1
-78;-78;0
-1608;-1609;-1
-1609;-1608;1
-6262;-6258;1
-6258;-6262;-1
5036;5036;0
-4742;-4704;1
-4704;-4742;-1
-4060;-4056;1
-4056;-4060;-1
-3853;-3852;1
-3852;-3853;-1
2247;2247;0
7655;-6340;-1
-6340;7655;1
-4216;-4221;-1
-4221;-4216;1
-3144;-3144;0
-9697;-9691;1
-9691;-9697;-1
4952;-8187;-1
-8187;4952;1
2179;2177;-1
2177;2179;1
311;311;0
-2791;-2799;-1
-2799;-2791;1
-5396;-5482;-1
-5482;-5396;1
-5831;-5831;0
-1078;-1077;1
-1077;-1078;-1
9702;-7924;-1
-7924;9702;1
-4522;-4622;-1
-4622;-4522;1
-6697;-6697;0
5601;5902;1
5902;5601;-1
-2296;9437;1
9437;-2296;-1
5967;5967;0
-8600;-8650;-1
-8650;-8600;1
-8128;-8130;-1
-8130;-8128;1
9411;9412;1
9412;9411;-1
-8775;-8775;0
-9726;-9727;-1
-9727;-9726;1
-3104;-3105;-1
-3105;-3104;1
-3483;-3483;0
-3138;-3140;-1
-3140;-3138;1
7064;8237;1
8237;7064;-1
-8603;-8622;-1
-8622;-8603;1
-8403;-8403;0
-6147;-6154;-1
-6154;-6147;1
3213;2381;-1
2381;3213;1
-5456;-5456;0
7310;7309;-1
7309;7310;1
727;728;1
728;727;-1
-2183;-2182;1
-2182;-2183;-1
-3619;-3619;0
-1955;-1924;1
-1924;-1955;-1
1274;1265;-1
1265;1274;1
-6483;-6483;0
-9169;-7566;1
-7566;-9169;-1
-676;92;1
92;-676;-1
3508;3509;1
3509;3508;-1
-5276;-5276;0
-8257;9090;1
9090;-8257;-1
-4992;4225;1
4225;-4992;-1
6065;6065;0
9588;9524;-1
9524;9588;1
-5503;-5938;-1
-5938;-5503;1
-1002;-1004;-1
-1004;-1002;1
-4787;-4787;0
-8562;6056;1
6056;-8562;-1
593;595;1
595;593;-1
3656;3656;0
1932;1838;-1
1838;1932;1
-4074;-3996;1
-3996;-4074;-1
-7409;-7418;-1
-7418;-7409;1
8814;8814;0
6299;7169;1
7169;6299;-1
-52;-83;-1
-83;-52;1
8424;8424;0
-7268;5606;1
5606;-7268;-1
-9017;5979;1
5979;-9017;-1
-9608;7196;1
7196;-9608;-1
9474;9474;0
8594;8648;1
8648;8594;-1
3616;3622;1
3622;3616;-1
2377;2377;0
-3756;-3762;-1
-3762;-3756;1
-3301;387;1
387;-3301;-1
8537;-4922;-1
-4922;8537;1
8380;8380;0
8419;8417;-1
8417;8419;1
2853;2852;-1
2852;2853;1
-6796;-6796;0
4491;4817;1
4817;4491;-1
-5595;5527;1
5527;-5595;-1
5962;5963;1
5963;5962;-1
-1519;-1519;0
8742;8808;1
8808;8742;-1
9639;8302;-1
8302;9639;1
-2441;-2441;0
-7665;-7643;1
-7643;-7665;-1
-9258;8226;1
8226;-9258;-1
555;-2720;-1
-2720;555;1
-9250;-9250;0
592;573;-1
573;592;1
5230;7132;1
7132;5230;-1
-8723;-8723;0
-9059;9273;1
9273;-9059;-1
-9964;-9963;1
-9963;-9964;-1
-6889;-6888;1
-6888;-6889;-1
10;10;0
2571;2578;1
2578;2571;-1
7785;7026;-1
7026;7785;1
6585;6585;0
-2520;-2521;-1
-2521;-2520;1
-3336;-3337;-1
-3337;-3336;1
5105;5104;-1
5104;5105;1
598;598;0
9904;-8058;-1
-8058;9904;1
3374;-384;-1
-384;3374;1
-6812;-6812;0
1174;1175;1
1175;1174;-1
4333;4331;-1
4331;4333;1
-1512;8964;1
8964;-1512;-1
3228;3228;0
9296;9280;-1
9280;9296;1
-3610;-5597;-1
-5597;-3610;1
-6317;-6317;0
-6675;-6685;-1
-6685;-6675;1
5774;5775;1
5775;5774;-1
-3213;-3210;1
-3210;-3213;-1
-7369;-7369;0
-9256;-9257;-1
-9257;-9256;1
4933;5023;1
5023;4933;-1
9883;9883;0
-2157;-2159;-1
-2159;-2157;1
7308;7309;1
7309;7308;-1
-4212;721;1
721;-4212;-1
9999;9999;0
8705;8704;-1
8704;8705;1
4096;4102;1
4102;4096;-1
-8009;-8009;0
-1001;-1000;1
-1000;-1001;-1
4043;3274;-1
3274;4043;1
-10000;0;1
0;-10000;-1
-5466;-5466;0
-6979;-6898;1
-6898;-6979;-1
72;121;1
121;72;-1
9026;9026;0
4867;4954;1
4954;4867;-1
-7396;-7494;-1
-7494;-7396;1
10000;-10000;-1
-10000;10000;1
5998;5998;0
1;2;1
2;1;-1
-6847;-5661;1
-5661;-6847;-1
-7340;-7340;0
-9281;-9272;1
-9272;-9281;-1
-8537;-8570;-1
-8570;-8537;1
-8015;-8031;-1
-8031;-8015;1
777;777;0
-8547;-8548;-1
-8548;-8547;1
-4598;-4599;-1
-4599;-4598;1
-7260;-7260;0
-5303;5935;1
5935;-5303;-1
-5846;-5746;1
-5746;-5846;-1
-4305;-4306;-1
-4306;-4305;1
-8248;-8248;0
8575;8510;-1
8510;8575;1
-1031;-1391;-1
-1391;-1031;1
-1;-1;0
-1161;-1222;-1
-1222;-1161;1
9621;9612;-1
9612;9621;1
-2140;-2131;1
-2131;-2140;-1
-5792;-5792;0
-3978;-3982;-1
-3982;-3978;1
9540;9539;-1
9539;9540;1
-2216;-2216;0
57;56;-1
56;57;1
8837;8907;1
8907;8837;-1
-9522;806;1
806;-9522;-1
7055;7055;0
-9610;8254;1
8254;-9610;-1
-6074;-4679;1
-4679;-6074;-1
9980;9980;0
-3056;-3046;1
-3046;-3056;-1
9990;10000;1
10000;9990;-1
-6766;-4927;1
-4927;-6766;-1
-3984;-3984;0
-5617;-5717;-1
-5717;-5617;1
4088;4094;1
4094;4088;-1
2103;2103;0
379;378;-1
378;379;1
-8408;-8405;1
-8405;-8408;-1
-9061;-8983;1
-8983;-9061;-1
-5373;-5373;0
207;126;-1
126;207;1
-9138;-9137;1
-9137;-9138;-1
4283;4283;0
5642;5638;-1
5638;5642;1
-3036;-3082;-1
-3082;-3036;1
6769;7281;1
7281;6769;-1
-8358;-8358;0
-4777;-4778;-1
-4778;-4777;1
3758;3695;-1
3695;3758;1
-6387;-6387;0
-8453;7949;1
7949;-8453;-1
2701;2757;1
2757;2701;-1
-160;-159;1
-159;-160;-1
-5755;-5755;0
-9747;-9748;-1
-9748;-9747;1
4774;4860;1
4860;4774;-1
-3564;-3564;0
-9245;-9253;-1
-9253;-9245;1
3153;3141;-1
3141;3153;1
-4828;-6745;-1
-6745;-4828;1
-8441;-8441;0
-7507;-7506;1
-7506;-7507;-1
-3477;-3464;1
-3464;-3477;-1
-4403;-4403;0
-1934;-1942;-1
-1942;-1934;1
6485;7634;1
7634;6485;-1
-7653;-7613;1
-7613;-7653;-1
-7904;-7904;0
2472;9973;1
9973;2472;-1
5396;5395;-1
5395;5396;1
8310;8310;0
-5474;-5481;-1
-5481;-5474;1
-802;3733;1
3733;-802;-1
-1816;-1142;1
-1142;-1816;-1
4730;4730;0
-3128;7378;1
7378;-3128;-1
5386;5396;1
5396;5386;-1
-3726;-3726;0
9112;9195;1
9195;9112;-1
9583;9500;-1
9500;9583;1
4733;4732;-1
4732;4733;1
0;0;0
-2553;-2145;1
-2145;-2553;-1
-8668;-8669;-1
-8669;-8668;1
-5066;-5066;0
-5504;-2250;1
-2250;-5504;-1
-8042;-1752;1
-1752;-8042;-1
4641;4642;1
4642;4641;-1
-1000;-1000;0
4996;5826;1
5826;4996;-1
-5693;3132;1
3132;-5693;-1
-5116;-5116;0
3451;3450;-1
3450;3451;1
2338;3610;1
3610;2338;-1
-3285;-3194;1
-3194;-3285;-1
7163;7163;0
-1789;-1791;-1
-1791;-1789;1
3195;3895;1
3895;3195;-1
-8879;-8879;0
-1333;-1336;-1
-1336;-1333;1
-5356;-5357;-1
-5357;-5356;1
-4289;-4288;1
-4288;-4289;-1
-1480;-1480;0
3;2;-1
2;3;1
-8820;-8821;-1
-8821;-8820;1
954;954;0
594;595;1
595;594;-1
-9802;-9750;1
-9750;-9802;-1
-7462;-7461;1
-7461;-7462;-1
6195;6195;0
4715;-1497;-1
-1497;4715;1
-2126;5300;1
5300;-2126;-1
6758;6758;0
-9916;9743;1
9743;-9916;-1
-1585;-1584;1
-1584;-1585;-1
-7319;-7336;-1
-7336;-7319;1
-2379;-2379;0
8302;6608;-1
6608;8302;1
-7949;-7939;1
-7939;-7949;-1
-1082;-1082;0
-9412;8704;1
8704;-9412;-1
-6;-886;-1
-886;-6;1
8182;8181;-1
8181;8182;1
-6350;-6350;0
863;864;1
864;863;-1
7306;7651;1
7651;7306;-1
9200;9200;0
-2331;-3037;-1
-3037;-2331;1
4177;4154;-1
4154;4177;1
-7688;-7687;1
-7687;-7688;-1
9335;9335;0
-8927;-8928;-1
-8928;-8927;1
6549;6545;-1
6545;6549;1
-4692;-4692;0
1277;1289;1
1289;1277;-1
9899;9900;1
9900;9899;-1
8390;-9442;-1
-9442;8390;1
2653;2653;0
8716;8774;1
8774;8716;-1
6869;6770;-1
6770;6869;1
-4795;-4795;0
8032;8104;1
8104;8032;-1
-562;-563;-1
-563;-562;1
2187;2188;1
2188;2187;-1
-2260;-2260;0
-2581;-2582;-1
-2582;-2581;1
-4348;-4347;1
-4347;-4348;-1
3588;3588;0
6375;6374;-1
6374;6375;1
-1019;7596;1
7596;-1019;-1
2618;2617;-1
2617;2618;1
1687;1687;0
-5630;-5662;-1
-5662;-5630;1
9234;9235;1
9235;9234;-1
-5570;-5570;0
8404;8403;-1
8403;8404;1
-6088;7243;1
7243;-6088;-1
1290;1389;1
1389;1290;-1
-6186;-6186;0
2352;2355;1
2355;2352;-1
4895;-9777;-1
-9777;4895;1
-6099;-6099;0
-6078;-6069;1
-6069;-6078;-1
-9129;3816;1
3816;-9129;-1
-6892;4075;1
4075;-6892;-1
-7310;-7310;0
-4043;-4039;1
-4039;-4043;-1
9442;9376;-1
9376;9442;1
2755;2755;0
-2521;-2458;1
-2458;-2521;-1
-642;-643;-1
-643;-642;1
6655;7761;1
7761;6655;-1
-2048;-2048;0
3309;3319;1
3319;3309;-1
-5263;-5217;1
-5217;-5263;-1
-6150;-6150;0
-1301;-1302;-1
-1302;-1301;1
298;287;-1
287;298;1
9784;9793;1
9793;9784;-1
6181;6181;0
-8084;-8086;-1
-8086;-8084;1
-5987;-5974;1
-5974;-5987;-1
9032;9032;0
-9505;871;1
871;-9505;-1
-6301;-6376;-1
-6376;-6301;1
5779;4083;-1
4083;5779;1
-5712;-5712;0
3390;3391;1
3391;3390;-1
952;961;1
961;952;-1
432;432;0
5903;-8682;-1
-8682;5903;1
-1837;5429;1
5429;-1837;-1
3468;4651;1
4651;3468;-1
-2023;-2023;0
-7916;-4571;1
-4571;-7916;-1
3889;3890;1
3890;3889;-1
-3834;-3834;0
-2296;-595;1
-595;-2296;-1
2115;2114;-1
2114;2115;1
-1826;-1825;1
-1825;-1826;-1
-3426;-3426;0
9938;9939;1
9939;9938;-1
4053;3972;-1
3972;4053;1
-2512;-2512;0
-6653;7706;1
7706;-6653;-1
7593;6044;-1
6044;7593;1
6615;6608;-1
6608;6615;1
6998;6998;0
-7372;-7371;1
-7371;-7372;-1
6341;6342;1
6342;6341;-1
2348;2348;0
-2410;-2386;1
-2386;-2410;-1
1792;1709;-1
1709;1792;1
-7550;-7547;1
-7547;-7550;-1
349;349;0
780;786;1
786;780;-1
-7084;-7994;-1
-7994;-7084;1
-100;-100;0
-9531;-9629;-1
-9629;-9531;1
6639;6642;1
6642;6639;-1
-2198;-2192;1
-2192;-2198;-1
-9532;-9532;0
8441;8444;1
8444;8441;-1
-7851;-7821;1
-7821;-7851;-1
-6490;-6490;0
8745;8759;1
8759;8745;-1
8844;8935;1
8935;8844;-1
-3535;-3118;1
-3118;-3535;-1
-3441;-3441;0
-8409;-8325;1
-8325;-8409;-1
-8024;-8019;1
-8019;-8024;-1
1329;1329;0
-1417;-316;1
-316;-1417;-1
542;490;-1
490;542;1
2184;-2227;-1
-2227;2184;1
1655;1655;0
544;543;-1
543;544;1
6022;-7008;-1
-7008;6022;1
-5198;-5198;0
3720;4736;1
4736;3720;-1
-6190;155;1
155;-6190;-1
-9635;8796;1
8796;-9635;-1
-952;-952;0
6173;6174;1
6174;6173;-1
9;10;1
10;9;-1
-6203;-6203;0
-552;-2494;-1
-2494;-552;1
-639;7494;1
7494;-639;-1
7766;7765;-1
7765;7766;1
-9439;-9439;0
-8941;-9009;-1
-9009;-8941;1
-6068;4266;1
4266;-6068;-1
2575;2575;0
2142;2151;1
2151;2142;-1
1896;1897;1
1897;1896;-1
-6311;-6310;1
-6310;-6311;-1
4897;4897;0
24;23;-1
23;24;1
-8367;2057;1
2057;-8367;-1
-6585;-6585;0
-8268;-5083;1
-5083;-8268;-1
2905;2913;1
2913;2905;-1
7268;8229;1
8229;7268;-1
4143;4143;0
-70;155;1
155;-70;-1
5000;4985;-1
4985;5000;1
827;827;0
1139;1138;-1
1138;1139;1
-8750;-8749;1
-8749;-8750;-1
2318;-4704;-1
-4704;2318;1
-6375;-6375;0
-3301;-3234;1
-3234;-3301;-1
6641;6633;-1
6633;6641;1
3596;3596;0
710;803;1
803;710;-1
8201;8423;1
8423;8201;-1
-1957;-1956;1
-1956;-1957;-1
4746;4746;0
-8697;8059;1
8059;-8697;-1
6425;6514;1
6514;6425;-1
6295;6295;0
6055;-8161;-1
-8161;6055;1
8001;7527;-1
7527;8001;1
-3679;-3676;1
-3676;-3679;-1
-7837;-7837;0
263;262;-1
262;263;1
6891;6848;-1
6848;6891;1
6251;6251;0
-7671;-7670;1
-7670;-7671;-1
-1183;-1176;1
-1176;-1183;-1
-8095;-8094;1
-8094;-8095;-1
-442;-442;0
3014;1708;-1
1708;3014;1
6710;-3856;-1
-3856;6710;1
7572;7572;0
-185;-184;1
-184;-185;-1
-924;-838;1
-838;-924;-1
9423;-9643;-1
-9643;9423;1
6164;6164;0
7073;7077;1
7077;7073;-1
3491;1737;-1
1737;3491;1
-784;-784;0
-8562;-6901;1
-6901;-8562;-1
-3655;-2978;1
-2978;-3655;-1
-5077;-5010;1
-5010;-5077;-1
-8513;-8513;0
-3359;-3687;-1
-3687;-3359;1
-8160;-8161;-1
-8161;-8160;1
-1408;-1408;0
-9085;-9157;-1
-9157;-9085;1
-2487;-2488;-1
-2488;-2487;1
9163;9164;1
9164;9163;-1
-687;-687;0
-9051;-9557;-1
-9557;-9051;1
-9044;-8945;1
-8945;-9044;-1
5889;5889;0
-9721;-9663;1
-9663;-9721;-1
-5051;-5061;-1
-5061;-5051;1
-9021;-8489;1
-8489;-9021;-1
-2101;-2101;0
8959;8958;-1
8958;8959;1
3764;3762;-1
3762;3764;1
8260;8260;0
6086;6080;-1
6080;6086;1
-7382;-7375;1
-7375;-7382;-1
-7228;-7780;-1
-7780;-7228;1
-4588;-4588;0
9320;9849;1
9849;9320;-1
4970;4976;1
4976;4970;-1
4245;4245;0
-6805;-6804;1
-6804;-6805;-1
8424;8423;-1
8423;8424;1
8289;8381;1
8381;8289;-1
-8169;-8169;0
2578;-2674;-1
-2674;2578;1
6500;6499;-1
6499;6500;1
-7188;-7188;0
0;100;1
100;0;-1
1017;1112;1
1112;1017;-1
-5166;-5167;-1
-5167;-5166;1
-4242;-4242;0
-8034;8608;1
8608;-8034;-1
9713;-442;-1
-442;9713;1
-5786;-5786;0
-9370;-9668;-1
-9668;-9370;1
-2844;9730;1
9730;-2844;-1
-8336;8285;1
8285;-8336;-1
-6685;-6685;0
-5002;-4987;1
-4987;-5002;-1
-9315;-9314;1
-9314;-9315;-1
1989;1989;0
-7244;-5703;1
-5703;-7244;-1
-1;0;1
0;-1;-1
5274;4316;-1
4316;5274;1
-3109;-3109;0
8092;8091;-1
8091;8092;1
9405;7068;-1
7068;9405;1
6897;6897;0
-2301;-2305;-1
-2305;-2301;1
-8219;-8229;-1
-8229;-8219;1
-8678;-8677;1
-8677;-8678;-1
-8897;-8897;0
8663;8585;-1
8585;8663;1
-7044;-8715;-1
-8715;-7044;1
2380;2380;0
386;387;1
387;386;-1
2699;2700;1
2700;2699;-1
776;775;-1
775;776;1
5216;5216;0
2922;2914;-1
2914;2922;1
6632;6633;1
6633;6632;-1
-5629;-5629;0
8107;8098;-1
8098;8107;1
916;915;-1
915;916;1
4466;4465;-1
4465;4466;1
-524;-524;0
-824;-821;1
-821;-824;-1
9297;9299;1
9299;9297;-1
7065;7065;0
2437;2436;-1
2436;2437;1
159;-851;-1
-851;159;1
-4384;-4385;-1
-4385;-4384;1
9847;9847;0
4011;4010;-1
4010;4011;1
484;489;1
489;484;-1
6573;6573;0
-2338;-2337;1
-2337;-2338;-1
-5675;8187;1
8187;-5675;-1
6074;7844;1
7844;6074;-1
5108;5108;0
4194;4283;1
4283;4194;-1
4667;4627;-1
4627;4667;1
1980;1980;0
1981;2180;1
2180;1981;-1
-9248;6231;1
6231;-9248;-1
4975;-1873;-1
-1873;4975;1
-623;-623;0
3131;3999;1
3999;3131;-1
7032;8655;1
8655;7032;-1
-9822;-9822;0
8378;8334;-1
8334;8378;1
-3465;-3442;1
-3442;-3465;-1
6972;-8547;-1
-8547;6972;1
-4487;-4487;0
6795;6796;1
6796;6795;-1
-2;-1;1
-1;-2;-1
-6146;-6146;0
9674;9675;1
9675;9674;-1
-7440;-6913;1
-6913;-7440;-1
-9554;-9557;-1
-9557;-9554;1
6416;6416;0
-6044;-6045;-1
-6045;-6044;1
3839;3845;1
3845;3839;-1
-9593;-9593;0
7128;7234;1
7234;7128;-1
5507;5506;-1
5506;5507;1
-3167;-8937;-1
-8937;-3167;1
-5869;-5869;0
-3240;-2074;1
-2074;-3240;-1
-4527;-4528;-1
-4528;-4527;1
-7502;-7502;0
-3978;-3979;-1
-3979;-3978;1
-8658;-8659;-1
-8659;-8658;1
-9006;-9101;-1
-9101;-9006;1
8416;8416;0
6860;6828;-1
6828;6860;1
1141;7794;1
7794;1141;-1
3802;3802;0
-9811;-8649;1
-8649;-9811;-1
4492;4491;-1
4491;4492;1
-1380;-1405;-1
-1405;-1380;1
1786;1786;0
-6194;-7558;-1
-7558;-6194;1
8231;8230;-1
8230;8231;1
6554;6554;0
-4547;-2734;1
-2734;-4547;-1
-7762;-7759;1
-7759;-7762;-1
-2942;-1831;1
-1831;-2942;-1
1019;1019;0
-3203;-3195;1
-3195;-3203;-1
-5738;3872;1
3872;-5738;-1
-6198;-6198;0
7452;1128;-1
1128;7452;1
5683;5684;1
5684;5683;-1
120;128;1
128;120;-1
-5776;-5776;0
-813;-812;1
-812;-813;-1
2216;2211;-1
2211;2216;1
8524;8524;0
9932;9933;1
9933;9932;-1
9260;9261;1
9261;9260;-1
-2899;-2890;1
-2890;-2899;-1
-43;-43;0
-5245;6271;1
6271;-5245;-1
629;627;-1
627;629;1
-6201;-6201;0
-7538;-7537;1
-7537;-7538;-1
192;-1622;-1
-1622;192;1
-5193;-5192;1
-5192;-5193;-1
5614;5614;0
-2116;-2688;-1
-2688;-2116;1
-4622;-4623;-1
-4623;-4622;1
100;100;0
-4616;-4617;-1
-4617;-4616;1
648;634;-1
634;648;1
-6186;-6185;1
-6185;-6186;-1
4591;4591;0
1789;1788;-1
1788;1789;1
9878;3442;-1
3442;9878;1
-3237;-3237;0
7652;-9921;-1
-9921;7652;1
3788;3827;1
3827;3788;-1
4915;4838;-1
4838;4915;1
-7433;-7433;0
-4732;-4741;-1
-4741;-4732;1
1830;2368;1
2368;1830;-1
-6408;-6408;0
-5366;4336;1
4336;-5366;-1
-7638;-7684;-1
-7684;-7638;1
-4812;-4853;-1
-4853;-4812;1
8590;8590;0
937;-276;-1
-276;937;1
-8660;-8754;-1
-8754;-8660;1
9858;9858;0
7109;7108;-1
7108;7109;1
3963;4683;1
4683;3963;-1
9845;9846;1
9846;9845;-1
5373;5373;0
-6323;-6324;-1
-6324;-6323;1
-2004;-2003;1
-2003;-2004;-1
-9975;-9975;0
3804;3721;-1
3721;3804;1
7324;7272;-1
7272;7324;1
2693;3468;1
3468;2693;-1
7049;7049;0
4703;4711;1
4711;4703;-1
-5605;-5612;-1
-5612;-5605;1
2974;2974;0
5493;4529;-1
4529;5493;1
-7795;-7776;1
-7776;-7795;-1
-3961;-3892;1
-3892;-3961;-1
7337;7337;0
743;-4674;-1
-4674;743;1
8354;8454;1
8454;8354;-1
-9916;-9916;0
9561;9560;-1
9560;9561;1
-9944;9470;1
9470;-9944;-1
-791;-807;-1
-807;-791;1
10000;10000;0
-6036;-6071;-1
-6071;-6036;1
-8185;-8184;1
-8184;-8185;-1
-2247;-2247;0
-4712;-4630;1
-4630;-4712;-1
692;723;1
723;692;-1
1463;1459;-1
1459;1463;1
-373;-373;0
1546;3441;1
3441;1546;-1
8430;8429;-1
8429;8430;1
-1061;-1061;0
2497;2526;1
2526;2497;-1
-7729;2555;1
2555;-7729;-1
-6763;-6758;1
-6758;-6763;-1
-8128;-8128;0
-5398;-5399;-1
-5399;-5398;1
9292;8787;-1
8787;9292;1
-7599;-7599;0
-8200;-8193;1
-8193;-8200;-1
-4536;-4535;1
-4535;-4536;-1
-2143;-479;1
-479;-2143;-1
3937;3937;0
4138;4072;-1
4072;4138;1
8469;8468;-1
8468;8469;1
3089;3089;0
4871;5562;1
5562;4871;-1
4074;4073;-1
4073;4074;1
5226;5221;-1
5221;5226;1
3774;3774;0
2719;2724;1
2724;2719;-1
-8581;5934;1
5934;-8581;-1
7962;7962;0
9726;9719;-1
9719;9726;1
5164;5171;1
5171;5164;-1
-6067;-4544;1
-4544;-6067;-1
-4283;-4283;0
55;62;1
62;55;-1
6357;6356;-1
6356;6357;1
3500;3500;0
-5216;-5123;1
-5123;-5216;-1
-8062;-8063;-1
-8063;-8062;1
2346;2355;1
2355;2346;-1
8701;8701;0
-7763;-8756;-1
-8756;-7763;1
1764;1765;1
1765;1764;-1
7571;7571;0
484;483;-1
483;484;1
4077;4078;1
4078;4077;-1
6428;6429;1
6429;6428;-1
8860;8860;0
-4086;-3993;1
-3993;-4086;-1
9900;10000;1
10000;9900;-1
-8089;-8089;0
3907;3906;-1
3906;3907;1
511;515;1
515;511;-1
-9493;-9484;1
-9484;-9493;-1
2841;2841;0
-3337;-3398;-1
-3398;-3337;1
3861;3864;1
3864;3861;-1
-2702;-2702;0
-5088;3979;1
3979;-5088;-1
2959;2950;-1
2950;2959;1
-3067;-3068;-1
-3068;-3067;1
-6780;-6780;0
-1914;-1855;1
-1855;-1914;-1
-3134;-2846;1
-2846;-3134;-1
-9127;-9127;0
3094;-8768;-1
-8768;3094;1
7402;7401;-1
7401;7402;1
-4473;-4474;-1
-4474;-4473;1
-4278;-4278;0
5601;5600;-1
5600;5601;1
-7968;-7967;1
-7967;-7968;-1
-1524;-1524;0
5966;4270;-1
4270;5966;1
-1000;1000;1
1000;-1000;-1
-5508;-3907;1
-3907;-5508;-1
-1514;-1514;0
-5525;-3961;1
-3961;-5525;-1
9853;9885;1
9885;9853;-1
-4023;-4023;0
-7320;-7313;1
-7313;-7320;-1
5714;9923;1
9923;5714;-1
-3116;-4872;-1
-4872;-3116;1
2485;2485;0
8256;-4806;-1
-4806;8256;1
-4334;-4333;1
-4333;-4334;-1
3923;3923;0
8993;8946;-1
8946;8993;1
-9625;-9626;-1
-9626;-9625;1
-6428;-6386;1
-6386;-6428;-1
-8429;-8429;0
-2082;-5817;-1
-5817;-2082;1
557;-736;-1
-736;557;1
-9676;-9676;0
6858;6761;-1
6761;6858;1
7265;7352;1
7352;7265;-1
-7865;-5893;1
-5893;-7865;-1
1441;1441;0
-4441;-4444;-1
-4444;-4441;1
-7706;-7705;1
-7705;-7706;-1
5435;5435;0
2856;2847;-1
2847;2856;1
-7200;-7201;-1
-7201;-7200;1
4303;2458;-1
2458;4303;1
-9165;-9165;0
2536;2535;-1
2535;2536;1
-6498;-6499;-1
-6499;-6498;1
-5011;-5011;0
1104;383;-1
383;1104;1
-2296;-2408;-1
-2408;-2296;1
-354;-1209;-1
-1209;-354;1
2029;2029;0
3631;3577;-1
3577;3631;1
269;272;1
272;269;-1
-402;-402;0
1580;1590;1
1590;1580;-1
6632;-4098;-1
-4098;6632;1
2820;6852;1
6852;2820;-1
4696;4696;0
1009;1010;1
1010;1009;-1
5669;5647;-1
5647;5669;1
-878;-878;0
4655;4597;-1
4597;4655;1
-9844;-7863;1
-7863;-9844;-1
-7226;-7225;1
-7225;-7226;-1
1819;1819;0
-9486;-9485;1
-9485;-9486;-1
9033;9032;-1
9032;9033;1
7029;7029;0
9759;9766;1
9766;9759;-1
-9006;-8996;1
-8996;-9006;-1
-972;-973;-1
-973;-972;1
-8586;-8586;0
1373;1372;-1
1372;1373;1
3948;3947;-1
3947;3948;1
8394;8394;0
2351;2357;1
2357;2351;-1
206;-859;-1
-859;206;1
-8367;-8368;-1
-8368;-8367;1
1944;1944;0
-6033;-4882;1
-4882;-6033;-1
810;816;1
816;810;-1
7932;7932;0
2523;2524;1
2524;2523;-1
1369;1359;-1
1359;1369;1
6643;9242;1
9242;6643;-1
4451;4451;0
4802;4801;-1
4801;4802;1
4737;4790;1
4790;4737;-1
-6208;-6208;0
-3900;-3710;1
-3710;-3900;-1
-4294;-4291;1
-4291;-4294;-1
-5084;-5091;-1
-5091;-5084;1
6479;6479;0
6365;6952;1
6952;6365;-1
8460;8461;1
8461;8460;-1
-1935;-1935;0
9214;9237;1
9237;9214;-1
9858;9857;-1
9857;9858;1
-1905;-1901;1
-1901;-1905;-1
5316;5316;0
-6692;-5810;1
-5810;-6692;-1
8596;8515;-1
8515;8596;1
7751;7751;0
-9239;-9238;1
-9238;-9239;-1
-9324;6563;1
6563;-9324;-1
6362;6434;1
6434;6362;-1
2206;2206;0
2668;5952;1
5952;2668;-1
-2578;8710;1
8710;-2578;-1
-7052;-7052;0
3459;2581;-1
2581;3459;1
-1514;-1522;-1
-1522;-1514;1
6377;8528;1
8528;6377;-1
-5624;-5624;0
-100;-101;-1
-101;-100;1
-5644;-5643;1
-5643;-5644;-1
8089;8089;0
3107;3108;1
3108;3107;-1
3634;2809;-1
2809;3634;1
9940;-8633;-1
-8633;9940;1
1626;1626;0
-5752;-5751;1
-5751;-5752;-1
-9054;-8664;1
-8664;-9054;-1
1595;1595;0
-4083;4667;1
4667;-4083;-1
-9708;-9714;-1
-9714;-9708;1
-4725;9464;1
9464;-4725;-1
6537;6537;0
3575;3511;-1
3511;3575;1
7967;-7034;-1
-7034;7967;1
-5423;-5423;0
196;1472;1
1472;196;-1
9372;9379;1
9379;9372;-1
-6255;-6256;-1
-6256;-6255;1
1244;1244;0
5026;3555;-1
3555;5026;1
2453;1463;-1
1463;2453;1
4130;4130;0
4094;2533;-1
2533;4094;1
3747;3748;1
3748;3747;-1
5503;-5421;-1
-5421;5503;1
4501;4501;0
3127;3128;1
3128;3127;-1
-1040;-2488;-1
-2488;-1040;1
9621;9621;0
-6401;-6363;1
-6363;-6401;-1
-1632;1169;1
1169;-1632;-1
5970;5969;-1
5969;5970;1
-3618;-3618;0
-4470;-4464;1
-4464;-4470;-1
-7745;-7735;1
-7735;-7745;-1
1;1;0
-10000;-8000;1
-8000;-10000;-1
7769;-5680;-1
-5680;7769;1
8661;8625;-1
8625;8661;1
-4400;-4400;0
5120;5106;-1
5106;5120;1
3957;9265;1
9265;3957;-1
6334;6334;0
5095;5071;-1
5071;5095;1
-6587;-6580;1
-6580;-6587;-1
-2309;-2329;-1
-2329;-2309;1
2368;2368;0
-9780;-8541;1
-8541;-9780;-1
9550;-8937;-1
-8937;9550;1
6266;6266;0
9818;-9995;-1
-9995;9818;1
7118;7092;-1
7092;7118;1
-3162;9600;1
9600;-3162;-1
-6983;-6983;0
-1626;-1625;1
-1625;-1626;-1
-7914;-5934;1
-5934;-7914;-1
-8241;-8241;0
5335;5336;1
5336;5335;-1
3797;3806;1
3806;3797;-1
1034;1025;-1
1025;1034;1
9787;9787;0
8490;9369;1
9369;8490;-1
1264;1260;-1
1260;1264;1
-8799;-8799;0
-7574;-7299;1
-7299;-7574;-1
-4704;-4703;1
-4703;-4704;-1
5000;4999;-1
4999;5000;1
7278;7278;0
-2561;-2554;1
-2554;-2561;-1
849;859;1
859;849;-1
5637;5637;0
2136;2166;1
2166;2136;-1
4360;3796;-1
3796;4360;1
-8084;-8075;1
-8075;-8084;-1
-7147;-7147;0
-2658;-2657;1
-2657;-2658;-1
3369;9711;1
9711;3369;-1
-1261;-1261;0
9448;7578;-1
7578;9448;1
-5621;-5622;-1
-5622;-5621;1
6908;6907;-1
6907;6908;1
-5417;-5417;0
-8037;-8036;1
-8036;-8037;-1
-8370;-7018;1
-7018;-8370;-1
1274;1274;0
-837;283;1
283;-837;-1
-6828;-6924;-1
-6924;-6828;1
1857;1703;-1
1703;1857;1
1000;1000;0
5145;3225;-1
3225;5145;1
4175;4166;-1
4166;4175;1
-7795;-7795;0
-630;-629;1
-629;-630;-1
-8695;9991;1
9991;-8695;-1
477;-1248;-1
-1248;477;1
2044;2044;0
-1992;-1993;-1
-1993;-1992;1
5446;5447;1
5447;5446;-1
-304;-304;0
-5963;-5962;1
-5962;-5963;-1
-9885;9687;1
9687;-9885;-1
-8757;-8753;1
-8753;-8757;-1
6399;6399;0
6875;6792;-1
6792;6875;1
-7133;-8763;-1
-8763;-7133;1
-8371;-8371;0
-3466;-3408;1
-3408;-3466;-1
-8160;1555;1
1555;-8160;-1
7654;-8225;-1
-8225;7654;1
-1808;-1808;0
4663;4664;1
4664;4663;-1
-655;-656;-1
-656;-655;1
-4128;-4128;0
-7511;-5774;1
-5774;-7511;-1
-3859;-3860;-1
-3860;-3859;1
-269;-268;1
-268;-269;-1
-7266;-7266;0
1;-1;-1
-1;1;1
-4483;-4482;1
-4482;-4483;-1
2243;2243;0
-9547;-9546;1
-9546;-9547;-1
-4740;-4078;1
-4078;-4740;-1
-1089;-1817;-1
-1817;-1089;1
1933;1933;0
-817;-823;-1
-823;-817;1
6148;6049;-1
6049;6148;1
691;691;0
-7762;8536;1
8536;-7762;-1
-6385;-6502;-1
-6502;-6385;1
2089;2079;-1
2079;2089;1
-7482;-7482;0
1006;1005;-1
1005;1006;1
6621;6622;1
6622;6621;-1
1435;1435;0
7205;5991;-1
5991;7205;1
3804;3537;-1
3537;3804;1
-8125;-7648;1
-7648;-8125;-1
-7554;-7554;0
1281;1282;1
1282;1281;-1
2646;2633;-1
2633;2646;1
-219;-219;0
7920;7919;-1
7919;7920;1
3678;3679;1
3679;3678;-1
-8343;-8327;1
-8327;-8343;-1
4062;4062;0
-8954;-8894;1
-8894;-8954;-1
6259;6915;1
6915;6259;-1
-1924;-1924;0
-1655;-1654;1
-1654;-1655;-1
-2;78;1
78;-2;-1
7049;6592;-1
6592;7049;1
-3036;-3036;0
3113;3116;1
3116;3113;-1
-4876;-4885;-1
-4885;-4876;1
6017;6017;0
7948;7953;1
7953;7948;-1
1024;925;-1
925;1024;1
5159;5131;-1
5131;5159;1
-2111;-2111;0
-9409;9702;1
9702;-9409;-1
-8282;-8283;-1
-8283;-8282;1
5109;5109;0
-7172;-6609;1
-6609;-7172;-1
-4033;-4041;-1
-4041;-4033;1
1207;1206;-1
1206;1207;1
-2640;-2640;0
-1104;-1103;1
-1103;-1104;-1
9357;9582;1
9582;9357;-1
-2586;-2586;0
-9879;-9880;-1
-9880;-9879;1
1708;1707;-1
1707;1708;1
3842;3841;-1
3841;3842;1
2230;2230;0
-7561;-8594;-1
-8594;-7561;1
8956;-6334;-1
-6334;8956;1
-6703;-6703;0
-8858;-8857;1
-8857;-8858;-1
2288;4241;1
4241;2288;-1
6613;6621;1
6621;6613;-1
-4909;-4909;0
63;96;1
96;63;-1
8533;8527;-1
8527;8533;1
-5048;-5048;0
-5040;-5149;-1
-5149;-5040;1
-8078;-8073;1
-8073;-8078;-1
9287;-8747;-1
-8747;9287;1
-731;-731;0
9510;9511;1
9511;9510;-1
-4092;-4091;1
-4091;-4092;-1
-9957;-9957;0
5099;2525;-1
2525;5099;1
-3907;-3906;1
-3906;-3907;-1
-8538;-8537;1
-8537;-8538;-1
7585;7585;0
7192;7191;-1
7191;7192;1
-3288;-3287;1
-3287;-3288;-1
-6950;-6950;0
8915;8930;1
8930;8915;-1
8913;8987;1
8987;8913;-1
1836;5639;1
5639;1836;-1
-2281;-2281;0
2754;-7310;-1
-7310;2754;1
5953;6052;1
6052;5953;-1
-5971;-5971;0
0;10;1
10;0;-1
8087;-5415;-1
-5415;8087;1
3095;3096;1
3096;3095;-1
-2576;-2576;0
5539;4381;-1
4381;5539;1
-2108;-2014;1
-2014;-2108;-1
4959;4959;0
-1343;-1342;1
-1342;-1343;-1
6470;-5417;-1
-5417;6470;1
1250;1308;1
1308;1250;-1
4855;4855;0
-7697;-7703;-1
-7703;-7697;1
7837;7838;1
7838;7837;-1
-7268;-7268;0
-8494;-8492;1
-8492;-8494;-1
8441;5211;-1
5211;8441;1
-7127;-7128;-1
-7128;-7127;1
488;488;0
4149;4997;1
4997;4149;-1
-7765;-7038;1
-7038;-7765;-1
-5050;-5050;0
339;340;1
340;339;-1
4230;4076;-1
4076;4230;1
4364;4368;1
4368;4364;-1
2128;2128;0
5349;5357;1
5357;5349;-1
-3414;-3411;1
-3411;-3414;-1
-8452;-8452;0
9786;-9912;-1
-9912;9786;1
-4225;-4297;-1
-4297;-4225;1
-9249;4752;1
4752;-9249;-1
8552;8552;0
-7163;-7252;-1
-7252;-7163;1
-6024;-6023;1
-6023;-6024;-1
-3416;-3416;0
8503;8504;1
8504;8503;-1
0;-101;-1
-101;0;1
-6895;-6857;1
-6857;-6895;-1
-7611;-7611;0
1274;1264;-1
1264;1274;1
6421;4643;-1
4643;6421;1
-6817;-6817;0
9103;9129;1
9129;9103;-1
5232;5226;-1
5226;5232;1
-8735;-8806;-1
-8806;-8735;1
-9713;-9713;0
7500;-8605;-1
-8605;7500;1
3972;4008;1
4008;3972;-1
-657;-657;0
-4980;-5947;-1
-5947;-4980;1
4075;4085;1
4085;4075;-1
3879;4163;1
4163;3879;-1
-7113;-7113;0
940;941;1
941;940;-1
5746;5715;-1
5715;5746;1
-4730;-4730;0
8046;8055;1
8055;8046;-1
9921;9877;-1
9877;9921;1
9549;9385;-1
9385;9549;1
-1883;-1883;0
9999;10000;1
10000;9999;-1
-3240;-3218;1
-3218;-3240;-1
-3512;-3512;0
-1284;-1285;-1
-1285;-1284;1
5422;5423;1
5423;5422;-1
-8309;-8308;1
-8308;-8309;-1
-8932;-8932;0
-4645;-4612;1
-4612;-4645;-1
-4330;-4329;1
-4329;-4330;-1
7333;7333;0
2969;2968;-1
2968;2969;1
-389;-382;1
-382;-389;-1
6076;6084;1
6084;6076;-1
9896;9896;0
5442;5429;-1
5429;5442;1
4696;4695;-1
4695;4696;1
-938;-938;0
8806;-7105;-1
-7105;8806;1
-7552;-7557;-1
-7557;-7552;1
223;279;1
279;223;-1
8829;8829;0
-4308;-630;1
-630;-4308;-1
5265;4518;-1
4518;5265;1
-9999;-9999;0
-6680;-6590;1
-6590;-6680;-1
-7297;-7296;1
-7296;-7297;-1
-8285;-7888;1
-7888;-8285;-1
8659;8659;0
1231;1230;-1
1230;1231;1
9092;9318;1
9318;9092;-1
-2036;-2036;0
-9455;8995;1
8995;-9455;-1
-3201;-3172;1
-3172;-3201;-1
9053;8288;-1
8288;9053;1
3040;3040;0
5311;3585;-1
3585;5311;1
-3910;-3909;1
-3909;-3910;-1
-5410;-5410;0
-6255;-6265;-1
-6265;-6255;1
-1225;-1221;1
-1221;-1225;-1
5143;5144;1
5144;5143;-1
-2040;-2040;0
9476;9491;1
9491;9476;-1
-9105;-9103;1
-9103;-9105;-1
-6475;-6475;0
-4842;-4925;-1
-4925;-4842;1
5431;-9005;-1
-9005;5431;1
-7227;-7223;1
-7223;-7227;-1
9853;9853;0
8508;8509;1
8509;8508;-1
2993;2992;-1
2992;2993;1
-924;-924;0
-1846;-1845;1
-1845;-1846;-1
7022;7023;1
7023;7022;-1
-4797;-4843;-1
-4843;-4797;1
5358;5358;0
-8756;-8755;1
-8755;-8756;-1
7342;7332;-1
7332;7342;1
5811;5811;0
2991;2620;-1
2620;2991;1
-5753;-5840;-1
-5840;-5753;1
-916;-915;1
-915;-916;-1
-5732;-5732;0
2501;2451;-1
2451;2501;1
-684;-2354;-1
-2354;-684;1
-1733;-1733;0
7617;6011;-1
6011;7617;1
999;1000;1
1000;999;-1
-9064;9758;1
9758;-9064;-1
1946;1946;0
6731;6735;1
6735;6731;-1
6919;6922;1
6922;6919;-1
-3729;-3729;0
4988;5062;1
5062;4988;-1
-3898;-3821;1
-3821;-3898;-1
6890;6889;-1
6889;6890;1
1212;1212;0
3785;3794;1
3794;3785;-1
99;100;1
100;99;-1
-5841;-5841;0
4515;6480;1
6480;4515;-1
-9181;57;1
57;-9181;-1
6345;8055;1
8055;6345;-1
-6437;-6437;0
6048;6047;-1
6047;6048;1
8544;7988;-1
7988;8544;1
904;904;0
2054;1145;-1
1145;2054;1
-320;-313;1
-313;-320;-1
-1568;5835;1
5835;-1568;-1
-8293;-8293;0
5790;5867;1
5867;5790;-1
9227;9226;-1
9226;9227;1
7983;7983;0
9901;8340;-1
8340;9901;1
-514;6247;1
6247;-514;-1
2399;2400;1
2400;2399;-1
6630;6630;0
4674;3817;-1
3817;4674;1
-3788;-3787;1
-3787;-3788;-1
-10000;-10000;0
-209;-210;-1
-210;-209;1
8443;8451;1
8451;8443;-1
-758;-754;1
-754;-758;-1
-4827;-4827;0
-5325;-5965;-1
-5965;-5325;1
0;-10;-1
-10;0;1
-9699;-9699;0
-9582;-9566;1
-9566;-9582;-1
5563;1981;-1
1981;5563;1
-9108;-9107;1
-9107;-9108;-1
3567;3567;0
-9546;9439;1
9439;-9546;-1
2843;2845;1
2845;2843;-1
2451;2451;0
8952;8951;-1
8951;8952;1
-2268;-2267;1
-2267;-2268;-1
7197;7196;-1
7196;7197;1
-5063;-5063;0
-585;-655;-1
-655;-585;1
-6862;4375;1
4375;-6862;-1
4533;4533;0
6066;6072;1
6072;6066;-1
-4451;-6227;-1
-6227;-4451;1
481;459;-1
459;481;1
79;79;0
8707;8531;-1
8531;8707;1
3536;-127;-1
-127;3536;1
-528;-528;0
1552;1546;-1
1546;1552;1
4862;4869;1
4869;4862;-1
-2632;-2631;1
-2631;-2632;-1
5000;5000;0
-5476;-5482;-1
-5482;-5476;1
3258;3257;-1
3257;3258;1
2810;2810;0
-1189;-1278;-1
-1278;-1189;1
6154;6153;-1
6153;6154;1
3906;3365;-1
3365;3906;1
15;15;0
-4249;-3443;1
-3443;-4249;-1
7174;7226;1
7226;7174;-1
-5049;-5049;0
926;-713;-1
-713;926;1
8591;-9403;-1
-9403;8591;1
6346;6345;-1
6345;6346;1
7257;7257;0
-61;-1183;-1
-1183;-61;1
3800;3756;-1
3756;3800;1
-7846;-7846;0
185;920;1
920;185;-1
-4885;-4961;-1
-4961;-4885;1
-5893;-5903;-1
-5903;-5893;1
5647;5647;0
-3695;-1838;1
-1838;-3695;-1
576;571;-1
571;576;1
-8666;-8666;0
9733;9813;1
9813;9733;-1
9821;-8156;-1
-8156;9821;1
-3125;-3046;1
-3046;-3125;-1
4508;4508;0
-8379;-1959;1
-1959;-8379;-1
-1683;-1730;-1
-1730;-1683;1
2;2;0
5828;-5808;-1
-5808;5828;1
9256;-3227;-1
-3227;9256;1
-9043;-9044;-1
-9044;-9043;1
8015;8015;0
5821;5813;-1
5813;5821;1
-6255;-6313;-1
-6313;-6255;1
7653;7653;0
-9251;-9249;1
-9249;-9251;-1
1813;1816;1
1816;1813;-1
-4695;-4699;-1
-4699;-4695;1
-1985;-1985;0
9904;9897;-1
9897;9904;1
-1586;-358;1
-358;-1586;-1
-6143;-6143;0
